term,estimate,std.error,statistic,p.value
(Intercept),67.61964042497983,0.11903964667111086,568.0430202536052,0
gdp_per_capita,2.0319432536288227e-4,4.006998395007791e-6,50.70985943394349,0
