term,estimate,std.error,statistic,p.value
(Intercept),31.725070777446373,0.3886692242156381,81.62485939417972,0
log_gdp,4.541995823738525,0.044344254009244216,102.42580296404759,0
