r.squared,adj.r.squared,sigma,statistic,p.value,df,logLik,AIC,BIC,deviance,df.residual,nobs
0.6776265691239987,0.6775619781741137,4.944957681438492,10491.045112829886,0,1,-15064.413353053813,30134.826706107626,30154.374082739127,122042.95889784677,4991,4993
