r.squared,adj.r.squared,sigma,statistic,p.value,df,logLik,AIC,BIC,deviance,df.residual,nobs
0.34003217153607135,0.33989993995352996,7.075291565338084,2571.489843810302,0,1,-16853.10690202703,33712.21380405406,33731.761180685564,249848.2159161103,4991,4993
