n,gdp_mean,gdp_median,gdp_sd,life_mean,life_median,life_sd
4993,16066.243085664273,5414.12092119088,24991.24456628869,70.88420984988741,72.496,8.708421778860902
